st_no,te_no,수업과목
ST5C5B9A5C0834B,TE5C3BD342BA3D5,고등수학(이과)
ST5C5D542E52206,TE5BCD3DEF40C19,국어
ST5C5007153B51B,TE5C3C1F7D83B84,중등수학
ST5C1DB77BB6A52,TE5C3C1F7D83B84,고등수학(이과)
ST5C48D37F6330E,TE5C29350E4170D,물리
ST5C4FF3DF9624D,TE5BCD3DEEEFC68,국어
ST5C26B1465A52F,TE5BCD3DEEC1946,고등수학
ST5C65689554EC4,TE5BCD3DEF5AB24,영어
ST5C5AE3FF2C0C0,TE5C1A25281DF8D,국어
ST5C5D8A373A6DE,TE5BCD3DED99218,고등수학(이과)
ST5BCD3CAD7DE17,TE5C210958EC564,고등수학
ST5C62B409071FB,TE5BCD3DEE6B23A,중등수학
ST5C63B67C611E9,TE5BCD3DED99218,고등수학(이과)
ST5C62CB9C41D31,TE5C36DEC2028AB,통합과학
ST5C62CB9C41D31,TE5C36DEC2028AB,통합과학
ST5C5EE6C89E017,TE5C31EA544F313,고등수학
ST5BCD3CADAFD4E,TE5BCD3DEF19854,국어
ST5BE41787232CD,TE5BCD3DEF09FFD,고등수학(이과)
ST5C6AA85F77DF9,TE5BCD3DEFF2C25,영어
ST5C5AB593789CF,TE5C28726938122,국어
ST5C42C3DA36456,TE5BCD3DEF19854,영어
ST5C5A684C40DBA,TE5C32D2E714EAA,중등수학
ST5BCD3CACB4A8B,TE5BCD3DEFB63A5,고등수학
ST5C6A997D509B1,TE5BCD3DEF19854,영어
ST5C4865F74EB07,TE5C342980A9AD8,고등수학
ST5C6D1B86EAF6E,TE5BCD3DED99218,고등수학
ST5BCD3CADB937C,TE5C18A9FCF34BB,영어
ST5C6E1DF34D618,TE5C46DC49B3699,수학
ST5C5EE6C89E017,TE5C0F9DFB6EFBC,국어
ST5C6BFCADCF3C8,TE5BCD3DEF40C19,국어
ST5C4D9F62695AC,TE5BCD3DEF2E80F,화학
ST5C736581A120B,TE5BCD3DED99218,고등수학(이과)
ST5C70CE2F12646,TE5BCD3DEE66795,멘토링
ST5BD99E9F13BC2,TE5C0F4875C7896,고등수학
ST5C63F20CC6559,TE5BCD3DEE4BB92,중등수학
ST5C62B409071FB,TE5BCD3DEE4BB92,영어
ST5C5ECAE080B5D,TE5C46DC49B3699,영어
ST5BE77133E8494,TE5BCD3DEE91B2C,영어
ST5BF9DE3C7986E,TE5BCD3DEFF2C25,영어
ST5C5AE3FF2C0C0,TE5BF444E5754A2,영어
ST5C5D92387BD84,TE5C4CB6D0A219B,생활과윤리
ST5C6B7B07A05B6,TE5C25C731454D8,초등수학
ST5C6E1DF34D618,TE5BCD3DEF19854,영어
ST5BCD3CADD2336,TE5C29350E4170D,물리
ST5BCD3CADD2336,TE5C29350E4170D,물리
ST5C7A1C1095E88,TE5C19F86DCC0A5,고등수학
ST5C6670116F0E6,TE5C46AC255213F,화학2
ST5C76B27984E18,TE5BCD3DEE91B2C,영어
ST5C8111BED5B5A,TE5BCD3DEDB3D78,고등수학
ST5C7C913F2752C,TE5BCD3DEDE1F86,화학
ST5C75E0A46A03E,TE5C25C731454D8,멘토링
ST5C7BE79ADC600,TE5C342980A9AD8,초등수학
ST5C766F053A43F,TE5C36F08AA9C9E,고등수학
ST5C7A8C12AB8D5,TE5C760BC4D8983,영어
ST5C179ECADB777,TE5C32D2E714EAA,생명과학
ST5BCD3CADAB2EE,TE5C760BC4D8983,영어
ST5BEA2E455BBD7,TE5BCD3DEE45F56,화학2
ST5C8235CD583D1,TE5BCD3DED99218,고등수학
ST5C7F723D6CD25,TE5C41034DCBC0C,고등수학(이과)
ST5C07BF773D4A7,TE5C210958EC564,고등수학
ST5BCD3CADA960E,TE5BCD3DEE71767,고등수학(이과)
ST5BCD3CADB937C,TE5BCD3DEE71767,입시상담
ST5C8398B7E0569,TE5BCD3DEE45F56,중등수학
ST5BF9DE3C7986E,TE5C53DF6D3DE85,영어
ST5C76B49EC7AA5,TE5C73A49B0440B,중등수학
ST5C8111BED5B5A,TE5C73A49B0440B,고등수학
ST5C81D875DD2C8,TE5C07628D4BD9F,물리
ST5C7B9B891AE65,TE5BCD3DEF40C19,국어
ST5BCD3CADCF5DE,TE5C25C731454D8,고등수학(이과)
ST5C7143F3717DB,TE5C498EFD3C1E9,인문논술
ST5C8505A018657,TE5C6E011AEE07D,고등수학
ST5C4D9F62695AC,TE5C7A01F7BED49,고등수학(이과)
ST5C82FD2DD7F20,TE5C7A01F7BED49,고등수학(이과)
ST5C89D70E02673,TE5C62B945D8A64,토익/토플
ST5C47353195AD0,TE5BF29F5D07BA8,초등수학
ST5C888CBC32BD0,TE5C53DF6D3DE85,영어
ST5C8875C449F3B,TE5C35E47010CC4,중등수학
ST5C7DA120C32F2,TE5C7244688ECCB,중등수학
ST5C8E09D89E3F4,TE5BCD3DEF19854,영어
ST5C8E09D89E3F4,TE5BCD3DEF19854,영어
ST5C8E09D89E3F4,TE5BCD3DEF19854,영어
ST5C8E09D89E3F4,TE5BCD3DEF19854,영어
ST5C4AB41B3932E,TE5BCD3DEFF2C25,영어
ST5C8AFD8B2F7FC,TE5C60F34A93975,고등수학(이과)
ST5C4FF3DF9624D,TE5C80970D0A525,영어
ST5C84B63D3F468,TE5C7E657795E61,초등수학
ST5C4EA5E4C464D,TE5C5C5AB9DAD53,중등수학
ST5C921B3A26965,TE5C8742EAE6EBE,탐구보고서
ST5C890FBC25500,TE5C35E47010CC4,영어
ST5BCD3CAD8A4B7,TE5BCD3DEF40C19,국어
ST5BCD3CAD784BE,TE5C15F3E61CDB9,통합과학
ST5C908506E9E17,TE5BEFE253AC37B,고등수학
ST5C899DC996D70,TE5C8742EAE6EBE,통합과학
ST5C6BFCADCF3C8,TE5C2606ADADCD2,고등수학
ST5C8EE9DD0D0FE,TE5C51B21D16879,국어
ST5BCD3CAD719F8,TE5C4CB6D0A219B,국어
ST5C931258A65BA,TE5BCD3DEFAE3CF,고등수학
ST5C9772BAF14CF,TE5C7F7EA39E720,영어
ST5C4EA5E4C464D,TE5C6E011AEE07D,중등수학
ST5C08F2D3D193F,TE5C210958EC564,초등수학
ST5C1786C5C4BC2,TE5C60F34A93975,고등수학
ST5C1F7B22BC62A,TE5C235E07AC83C,고등수학
ST5BCD3CAD31D03,TE5C8742EAE6EBE,생명과학
ST5C97926C30367,TE5C7E68B591ED6,고등수학
ST5C81D875DD2C8,TE5C23027A46762,화학
ST5C8AFD8B2F7FC,TE5C7E3D1ADABE6,지구과학
ST5C9B68C73FF5E,TE5C80970D0A525,영어
ST5C9BAB58E3220,TE5C94913C46CE8,고등수학
ST5C8F87875A825,TE5C1A1D8F85317,중등수학
ST5C9E2065DB748,TE5C90ABCBC7EBF,고등수학
ST5C8F85FD99F32,TE5C1A1D8F85317,중등수학
ST5C9B3B2182F98,TE5C511A05EC275,고등수학
ST5C916FB51AA70,TE5C7E657795E61,중등수학
ST5C90F3A6621A5,TE5C2DD946C3DFF,영어
ST5C90AEC48B655,TE5C7E05B0BF0F4,고등수학
ST5BCD3CADB937C,TE5C51B21D16879,국어
ST5C9C4AD639947,TE5C760BC4D8983,영어
ST5C8F48182AFD2,TE5C2DD946C3DFF,영어
ST5C8875C449F3B,TE5C7F09C7187A8,영어
ST5C9C3B43C131B,TE5C8F412B17F0F,중등수학
ST5C9877BBCA840,TE5C7F7EA39E720,영어
ST5C970F0174162,TE5C1E1310599D1,통합과학
ST5C94A4C12C800,TE5C80970D0A525,영어
ST5BCD3CACB4A8B,TE5C5C9A94998AC,고등수학
ST5BCD3CAD60869,TE5C90ABCBC7EBF,고등수학
ST5C7B63BFE8384,TE5BCD3DEDAD641,국어
ST5C8F8E9C59915,TE5C07628D4BD9F,통합과학
ST5C7F723D6CD25,TE5C8F412B17F0F,고등수학(이과)
ST5C90C5F78A31B,TE5C9B76772BF75,통합과학
ST5CA3386427C9E,TE5C94913C46CE8,물리
ST5CA0D0742816E,TE5C85F1014E5FB,중등수학
ST5C9A2FC4F0523,TE5C80903FDAB11,중등수학
ST5BCD3CACB4A8B,TE5C7E68B591ED6,고등수학
ST5CA5F11E48F14,TE5BCD3DEF434AE,국어
ST5C4865F74EB07,TE5C28726938122,영어
ST5C9EBBC5D7F29,TE5C8224A398AE6,고등수학
ST5C9B1573427AD,TE5C8BB849AF067,영어
ST5CA5E6FF2FDFE,TE5C62B945D8A64,영어
ST5CA576F336956,TE5C53DF6D3DE85,영어
ST5C9E3CACA77B9,TE5BCD3DEF40C19,국어
ST5CA6D55C37D6D,TE5BCD3DEDE1F86,AP 수업
ST5BF5358DF199F,TE5BCD3DEFD2513,중등수학
ST5C4AAE342191B,TE5C7E05B0BF0F4,고등수학(이과)
ST5BFC2FF3F122F,TE5C73A49B0440B,수학
ST5CA88E22827A2,TE5C73A49B0440B,물리
ST5C8F48182AFD2,TE5BCD3DEFCB9E7,영어
ST5CA618ED60425,TE5C8224A398AE6,고등수학(이과)
ST5BCD3CACB4A8B,TE5C62B945D8A64,영어
ST5C970F0174162,TE5BCD3DEE29534,통합과학
ST5CA2F021A8CF8,TE5C53DF6D3DE85,IB 수업
ST5CAD8CA5A843B,TE5C80903FDAB11,중등수학
ST5C5643D1F1684,TE5BD98EA3A09EC,고등수학
ST5CAA0BC0D82D0,TE5C8F412B17F0F,고등수학(이과)
ST5C99FEB0ECDC9,TE5BCD3DEE29534,통합과학
ST5C4E0B4CD7A31,TE5C73746070980,고등수학(이과)
ST5CB1C85C99F78,TE5C342980A9AD8,중등수학
ST5CAC4E0E5AD39,TE5C62B945D8A64,영어
ST5CA6BDA6D0F8C,TE5C73746070980,고등수학(이과)
ST5BCD3CAD8A4B7,TE5BCD3DEDAD641,국어
ST5CAF38E177FC8,TE5C8F28643E8C3,국어
ST5C179ECADB777,TE5C8224A398AE6,고등수학(이과)
ST5CA8708670C76,TE5CA0AE240EB48,초등수학
ST5CAAC10D6B2DA,TE5C7F850D6BBEF,고등수학(이과)
ST5CB52EBEDDFC7,TE5C73746070980,고등수학
ST5CB5D0CED159E,TE5C210958EC564,영어
ST5CB809DFE1375,TE5CAEF68D7FF62,영어
ST5CB809DFE1375,TE5CAEF68D7FF62,영어
ST5CB424C14DF41,TE5CA83E1F31B1B,중등수학
ST5CAD8CA5A843B,TE5CA0AE240EB48,영어
ST5CB869DD88364,TE5CA36E8B0AD11,고등수학
ST5BF553600D94D,TE5CAE9C224BE92,기타
ST5BCD3CAC73999,TE5C94913C46CE8,물리
ST5CB6EFFF795F5,TE5C5C5AB9DAD53,중등수학
ST5C48D37F6330E,TE5C94913C46CE8,기타
ST5C8875C449F3B,TE5C498EFD3C1E9,국어
ST5C8875C449F3B,TE5C1E1310599D1,통합과학
ST5C08F2D3D193F,TE5C8224A398AE6,초등수학
ST5BCD3CAD72295,TE5C545FDFC0834,지구과학
ST5CAD74F0562CA,TE5C8F412B17F0F,중등수학
ST5CC089BF6DA87,TE5CA36E8B0AD11,고등수학
ST5CAA0BC0D82D0,TE5CB5DB3502111,화학
ST5C7A1C1095E88,TE5C15F3E61CDB9,통합과학
ST5CB52EBEDDFC7,TE5C94913C46CE8,고등수학
ST5CC16E6559BAC,TE5BCD3DEF40C19,국어
ST5CC0494EAAAD7,TE5C73746070980,고등수학
ST5CC4246DB543C,TE5C9B76772BF75,물리
ST5C31BC9F37617,TE5C7F850D6BBEF,고등수학
ST5BCD3CAD8A4B7,TE5C760BC4D8983,영어
ST5BCD3CADC6E25,TE5C25C731454D8,생명과학
ST5BCD3CADC6E25,TE5C25C731454D8,생명과학
ST5C247DD96C889,TE5C0F9DFB6EFBC,고등수학
ST5C4D9F62695AC,TE5C95B2AE1A14E,고등수학
ST5C5C30CDEA204,TE5CB5DB3502111,고등수학(이과)
ST5C5C30CDEA204,TE5C9CBAD440402,지구과학
ST5C76B49EC7AA5,TE5BCD3DEE66795,영어
ST5BCD3CAD3251D,TE5C1F56C2DEE3D,고등수학
ST5BCD3CAD0861D,TE5BE7BF82DAA7C,영어
ST5C179ECADB777,TE5BCD3DED99218,고등수학(이과)
ST5CA88E22827A2,TE5C7E3D1ADABE6,물리
ST5CC1D9C24BE7C,TE5C3862F530798,영어
ST5CD01E49209A1,TE5CA36E8B0AD11,고등수학(이과)
ST5CC71850BFB7C,TE5C7F09C7187A8,초등수학
ST5CC6EB5FE1494,TE5C80903FDAB11,초등수학
ST5BD70D0FB8413,TE5C7E68B591ED6,고등수학(이과)
ST5C0E22765461D,TE5BCD3DEF88367,영어
ST5BCD3CADB75C6,TE5C8222409E3CE,고등수학
ST5CC2F40602E9F,TE5C7F7EA39E720,중등수학
ST5CCC3FD258372,TE5C8FD02231255,고등수학
ST5CAAC10D6B2DA,TE5BD964BB4DF54,화학
ST5CCFBE293B1E7,TE5CAEF68D7FF62,토익/토플
ST5BCD3CAD8A4B7,TE5BCD3DEE66795,국어
ST5CD0E178827FC,TE5BCD3DEDE1F86,통합과학
ST5CD34C6824729,TE5C9CBAD440402,중등수학
ST5C7B63BFE8384,TE5BCD3DEF40C19,국어
ST5CCAE5F7EC5B1,TE5C80970D0A525,토익/토플
ST5C8E09D89E3F4,TE5BCD3DEE71767,고등수학
ST5CD7983203EAF,TE5CD112A8E4D7B,고등수학
ST5C0E22765461D,TE5CCA5CED9CE1C,통합과학
ST5CCFC46F090C7,TE5C4FFC6918ABF,IB 수업
ST5CD754A1F0B51,TE5C6502DCAACC2,국어
ST5CDD51DC28C51,TE5C8222409E3CE,초등수학
ST5CB5D0CED159E,TE5CA0AE240EB48,영어
ST5C39F4E2E514C,TE5C2DD946C3DFF,영어
ST5CD031A1D9285,TE5C7E3D1ADABE6,고등수학
ST5CC835E731D2F,TE5BCD3DEDF139E,통합과학
ST5CD473235D84B,TE5C5FDE9EE3229,중등수학
ST5CCAE5F7EC5B1,TE5CCD00AFE71A3,물리
ST5CD1303DACE0C,TE5C847CE8DC37A,중등수학
ST5CDA26C095AE7,TE5C9896BE925E6,생명과학
ST5CDC9550C2313,TE5BCD3DEFF2C25,영어
ST5CD597CBBB645,TE5BCD3DEF44532,고등수학
ST5C2FFCABA46EA,TE5C8F412B17F0F,중등수학
ST5CD582300AACC,TE5CD53BA3D005A,통합과학
ST5C9877BBCA840,TE5C4FFC6918ABF,영어
ST5CE2A6D9F2184,TE5BCD3DEFF2C25,영어
ST5BCD3CAD4459E,TE5BCD3DEDAD641,국어
ST5C90C5F78A31B,TE5C760BC4D8983,영어
ST5CD4C855874B4,TE5C90ABCBC7EBF,고등수학(이과)
ST5C48D37F6330E,TE5C36DEC2028AB,고등수학(이과)
ST5CB5D0CED159E,TE5C2DD946C3DFF,한국사
ST5CE07C7D3DE11,TE5CD0DE9D5FCDB,영어
ST5CDFA1D5CDBE6,TE5C9B76772BF75,중등수학
ST5CD22E0506565,TE5BCD3DEF5AB24,영어
ST5CD7983203EAF,TE5C7F09C7187A8,영어
ST5BCD3CADC6E25,TE5C8F412B17F0F,고등수학
ST5CE8CD6C09C8C,TE5C07628D4BD9F,고등수학
ST5CA36B8DB0BA7,TE5C95B2AE1A14E,물리
ST5CE5CA35DB7AD,TE5C8224A398AE6,고등수학(이과)
ST5CD612FA0926C,TE5BCD3DEF44532,고등수학(이과)
ST5C6A1AF78A9B1,TE5BCD3DEE12BFC,고등수학
ST5CDD5964E44A6,TE5C6502DCAACC2,국어
ST5CDF318FD4433,TE5CBBF8E58C16E,한국사
ST5CDFA2FB1834D,TE5CA0AE240EB48,영어
ST5CDA26C095AE7,TE5BCD3DEDE1F86,화학
ST5BCD3CAD4459E,TE5BCD3DEDAD641,영어
ST5BCD3CAC96E3E,TE5BF007894F9A6,중등수학
ST5BEA2E455BBD7,TE5C4FFC6918ABF,영어
ST5CD7BE1AAF0A3,TE5CA9898507CFF,영어
ST5CE3970E61A27,TE5CCA5CED9CE1C,통합과학
ST5C7F723D6CD25,TE5C2606ADADCD2,고등수학(이과)
ST5CE8CE129DBB6,TE5BCD3DEDE1F86,화학2
ST5CD969FFA8671,TE5C23027A46762,통합과학
ST5CDD51DC28C51,TE5C80970D0A525,영어
ST5CDB6949E6040,TE5BCD3DEF8CF5D,고등수학
ST5C7C913F2752C,TE5CD3DF074C7ED,고등수학
ST5CE4FCA2E4E17,TE5BCD3DEF40C19,국어
ST5CE52D3A99304,TE5C977C6E66827,영어
ST5CE28F4283FAC,TE5C5FDE9EE3229,중등수학
ST5CD1303DACE0C,TE5C7F09C7187A8,영어
ST5CE381889C491,TE5CB5DB3502111,화학
ST5CE7ACEB41651,TE5BCD3DEF8CF5D,고등수학
ST5CA2F0E87C982,TE5C95B2AE1A14E,수리논술
ST5CC6C8E112199,TE5CAE9C224BE92,기타
ST5CE8E194ED0A3,TE5BF007894F9A6,중등수학
ST5CE5CA35DB7AD,TE5C1F56C2DEE3D,영어
ST5CCAE5F7EC5B1,TE5BCD3DEE29534,물리
ST5CED0C41A925E,TE5C80903FDAB11,중등수학
ST5C4FF3DF9624D,TE5CBBF8E58C16E,국어
ST5BCD3CAD775BC,TE5C07628D4BD9F,통합과학
ST5CE3837D8B542,TE5C80970D0A525,영어
ST5CE3A28A82FB4,TE5BCD3DEF8CF5D,국어
ST5CDF318FD4433,TE5C3862F530798,통합사회
ST5CEC88C3D68A9,TE5C022E6B9F477,고등수학
ST5CEBB93A2BEFB,TE5BD98EA3A09EC,고등수학
ST5CE7B001010AF,TE5BCD3DEF88367,영어
ST5C1A339DC18C5,TE5C847CE8DC37A,고등수학(이과)
ST5C2EBC6A197EA,TE5CD53BA3D005A,중등수학
ST5CEA74677140C,TE5BCD3DEE12BFC,고등수학(이과)
ST5CDC09451A2F0,TE5CCA5CED9CE1C,통합과학
ST5CA6878C5FB6A,TE5BCD3DEE4BB92,영어
ST5CE4B3D1C9D3A,TE5C847CE8DC37A,중등수학
ST5CED0C41A925E,TE5C2DD946C3DFF,영어
ST5CF293FDD5639,TE5BCD3DEF8CF5D,고등수학
ST5CD272D7DB183,TE5C7E68B591ED6,고등수학(이과)
ST5CEE165B797C5,TE5CD53BA3D005A,고등수학(이과)
ST5CE8CE129DBB6,TE5BCD3DEF6EC80,고등수학(이과)
ST5CD34C6824729,TE5CD3DF074C7ED,중등수학
ST5CE5CA35DB7AD,TE5BCD3DEF8CF5D,국어
ST5CE5CA35DB7AD,TE5C8B7D135DCD6,화학
ST5CF4CC8D83CE9,TE5C8742EAE6EBE,고등수학
ST5CF51B31B5848,TE5C8B7D135DCD6,중등수학
ST5CF24AA51F097,TE5BCD3DED99218,중등수학
ST5CE9138C77211,TE5CD112A8E4D7B,고등수학
ST5CFCE6ADB76DE,TE5BCD3DED99218,고등수학(이과)
ST5CB809DFE1375,TE5BCD3DEF5AB24,영어
ST5CF28FCF553AE,TE5C847CE8DC37A,고등수학(이과)
ST5CF9E8BC0B798,TE5C9B76772BF75,중등수학
ST5CECFA64553FF,TE5CDCF6814B420,국어
ST5C8875C449F3B,TE5CCA5CED9CE1C,통합과학
ST5CCC3FD258372,TE5BE1A6ED5AAD4,고등수학
ST5C93548DBAEB7,TE5C1A6D5BBCC18,고등수학
ST5CF8541D83DC6,TE5CCD00AFE71A3,고등수학(이과)
ST5C482CAF41D7A,TE5C25C731454D8,중등수학
ST5CFCA9EF29582,TE5CA83E1F31B1B,물리
ST5BCD3CADB2891,TE5C6502DCAACC2,고등수학
ST5BCD3CADB2891,TE5C545FDFC0834,지구과학
ST5BCD3CAC96E3E,TE5C80970D0A525,토익/토플
ST5CDE771D9DB57,TE5C2606ADADCD2,고등수학
ST5CF77302B2A11,TE5BCD3DEF44532,고등수학
ST5CF7E68CE2440,TE5C760BC4D8983,영어
ST5BCD3CAD3BC48,TE5CCA5CED9CE1C,통합과학
ST5BCD3CAD8A4B7,TE5BCD3DEF5AB24,영어
ST5CF52F4FA210D,TE5C18A9FCF34BB,영어
ST5CD22E0506565,TE5C6006149F3E4,영어
ST5CA5E6FF2FDFE,TE5C23027A46762,지구과학2
ST5CFC9B11A4C6E,TE5C1378B6688D8,고등수학
ST5CFA578565740,TE5C25C731454D8,과학
ST5CF61109AFD4E,TE5CD0DE9D5FCDB,중등수학
ST5BCD3CAD583A5,TE5CD3DF074C7ED,수학
ST5CEE165B797C5,TE5C7E05B0BF0F4,고등수학(이과)
ST5CE2A6D9F2184,TE5CCD00AFE71A3,고등수학(이과)
ST5CED1E1712798,TE5C2DD946C3DFF,한국사
ST5CFB86EDD7F89,TE5CA83E1F31B1B,물리
ST5CF28FCF553AE,TE5C15F3E61CDB9,지구과학
ST5CFA578565740,TE5CD0DE9D5FCDB,역사
ST5CFCA9EF29582,TE5C15F3E61CDB9,지구과학
ST5CF4D6EEBF23B,TE5BCD3DEF8CF5D,고등수학
ST5CC089BF6DA87,TE5CA83E1F31B1B,물리
ST5CA2F0E87C982,TE5C23027A46762,수리논술
ST5D0731BB49B7B,TE5CA83E1F31B1B,중등수학
ST5D072FACA6829,TE5C847CE8DC37A,고등수학
ST5C931258A65BA,TE5C1378B6688D8,고등수학
ST5CF28FCF553AE,TE5C90ABCBC7EBF,고등수학(이과)
ST5CF28FCF553AE,TE5C25C731454D8,생명과학
ST5CB1C85C99F78,TE5BCD3DEE4BB92,영어
ST5CA36B8DB0BA7,TE5C7E68B591ED6,물리
ST5CFE0E62A020B,TE5C6502DCAACC2,중등수학
ST5CFF452090084,TE5C8742EAE6EBE,통합과학
ST5C48182AD68D8,TE5CD112A8E4D7B,고등수학
ST5D0258A3AEA56,TE5C90ABCBC7EBF,중등수학
ST5D07A9129DBD1,TE5BCD3DEF40C19,국어
ST5CED0C41A925E,TE5C18A9FCF34BB,영어
ST5CF9E8BC0B798,TE5CC5D1484233B,중등수학
ST5D04F4295FD9F,TE5CEEA81919D23,국어
ST5C4856F112109,TE5BCD3DED99218,중등수학
ST5CA5E6FF2FDFE,TE5C8224A398AE6,생명과학2
ST5CEF64F51C146,TE5C8742EAE6EBE,중등수학
ST5CFA5E79D366B,TE5C9B76772BF75,고등수학(이과)
ST5CB1C85C99F78,TE5CD0DE9D5FCDB,중등수학
ST5CFA3BB8D43E1,TE5CFD04E21BC9E,영어
ST5CB1C85C99F78,TE5BF007894F9A6,중등수학
ST5CFE0E62A020B,TE5C80903FDAB11,중등수학
ST5CF2BA4B5F7C6,TE5C25C731454D8,통합과학
ST5CF2BA4B5F7C6,TE5C25C731454D8,통합과학
ST5D122F35E33E9,TE5C847CE8DC37A,고등수학(이과)
ST5D0629C1EFD61,TE5C35E47010CC4,국어
ST5D10A9FD5EC62,TE5D0866CB4C91D,중등수학
ST5D0BFB15F1899,TE5BF444E5754A2,영어
ST5CFC9B11A4C6E,TE5C7F7EA39E720,영어
ST5D0E3D3B7E644,TE5D0491EF6B297,고등수학(이과)
ST5CF77302B2A11,TE5BCD3DEE71767,고등수학
ST5CDD5964E44A6,TE5CCA6EA4DC252,국어
ST5D08A3F1B4B67,TE5C28726938122,국어
ST5CC835E731D2F,TE5BCD3DEF434AE,국어
ST5BCD3CAC9B58A,TE5C36ECD295A7A,영어
ST5D0EFAF42443D,TE5C56BFD5DFF33,영어
ST5CD34C6824729,TE5D09F452432E9,중등수학
ST5CED0C41A925E,TE5D061A3B5BA67,중등수학
ST5BCD3CADA7792,TE5CE41F784DF2A,통합과학
ST5BF9DE3C7986E,TE5D1318E3E54B3,영어
ST5C26132CC4275,TE5C32D2E714EAA,중등수학
ST5C261658A3A09,TE5C32D2E714EAA,중등수학
ST5CD34C6824729,TE5D0491EF6B297,중등수학
ST5CFC9B11A4C6E,TE5BCD3DEE3F647,영어
ST5BCD3CADA7792,TE5BD964BB4DF54,통합과학
ST5D1EC942E083E,TE5C7F850D6BBEF,고등수학
ST5BCD3CAD8A4B7,TE5C8F412B17F0F,고등수학(이과)
ST5CF7E68CE2440,TE5C7E68B591ED6,고등수학(이과)
ST5CD22E0506565,TE5D09F452432E9,고등수학
ST5D09B98B5B6C9,TE5D0866CB4C91D,고등수학(이과)
ST5D09B98B5B6C9,TE5D0DD055652E1,물리
ST5D12BA7A9E060,TE5C977C6E66827,영어
ST5D249AA1EFB76,TE5D0491EF6B297,화학